id_str,firm_name,holders,miners,finserv,bizserv,infrastr,unclass,certainty,invbase,RevShare,AssetShare
CA4339211035,HIVE DIGITAL TECHNOLOGIES,0.2,0.8,0.0,0.0,0.0,0.0,4,1,5,4
US05759B3050,BAKKT HOLDINGS A,0.0,0.0,1.0,0.0,0.0,0.0,4,1,5,0
US19260Q1076,COINBASE GLOBAL A,0.0,0.0,1.0,0.0,0.0,0.0,4,1,5,0
CA2449161025,DEFI TECHNOLOGIES,0.2,0.0,0.7,0.0,0.1,0.0,4,1,5,1
US67086U4067,OLB GROUP,0.0,0.4,0.6,0.0,0.0,0.0,4,1,1,1
CA23345B2003,DMG BLOCKCHAIN SOLUTIONS,0.0,0.7,0.0,0.1,0.2,0.0,4,0,4,1
US30209R1068,EXODUS MOVEMENT A,0.3,0.0,0.0,0.7,0.0,0.0,4,0,5,3
US23131W1036,WASTE ENERGY,0.0,0.1,0.0,0.9,0.0,0.0,3,0,2,0
US5949724083,STRATEGY A,1.0,0.0,0.0,0.0,0.0,0.0,4,1,0,4
US7672921050,RIOT PLATFORMS,0.0,0.9,0.0,0.0,0.1,0.0,4,1,4,3
US18452B2097,CLEANSPARK,0.1,0.9,0.0,0.0,0.0,0.0,4,1,4,3
CA40638K7050,HALO COLLECTIVE DEAD - DELIST.15/08/23,0.0,0.0,0.0,0.0,0.0,1.0,NA,0,NA,NA
US44812J1043,HUT 8,0.2,0.7,0.0,0.0,0.1,0.0,4,1,4,4
US17253J1060,CIPHER MINING,0.0,1.0,0.0,0.0,0.0,0.0,4,1,5,2
JP3869970008,MONEX GROUP,0.0,0.0,1.0,0.0,0.0,0.0,4,1,3,0
US45828E1047,INTCHAINS GROUP ADR 1:2,0.2,0.0,0.0,0.0,0.8,0.0,4,0,5,2
US30262F2056,FRMO,0.4,0.6,0.0,0.0,0.0,0.0,4,0,1,1
US5657881067,MARA HOLDINGS,0.2,0.8,0.0,0.0,0.0,0.0,4,1,5,3
CA92919V4055,VOYAGER DIGITAL (OTC),0.0,0.0,1.0,0.0,0.0,0.0,4,1,5,4
US1347481020,CANAAN ADR 1:15,0.1,0.2,0.0,0.0,0.7,0.0,4,0,5,3
KR7112040001,WEM ADE,0.0,0.0,0.7,0.3,0.0,0.0,3,1,1,1
US5020745031,LM FUNDING AMERICA,0.3,0.7,0.0,0.0,0.0,0.0,4,0,5,3
GB00BZ15CS02,ARGO BLOCKCHAIN,0.2,0.8,0.0,0.0,0.0,0.0,4,1,5,1
JE00BLD8Y945,COINSHARES INTERNATIONAL,0.0,0.0,1.0,0.0,0.0,0.0,4,0,5,4
US82837P4081,SILVERGATE CAPITAL A,0.0,0.0,1.0,0.0,0.0,0.0,4,1,3,0
AU0000185993,IREN,0.0,1.0,0.0,0.0,0.0,0.0,4,1,5,0
JP3152750000,GMO INTERNET GROUP,0.0,0.1,0.8,0.0,0.1,0.0,4,0,1,0
CA09173B1076,BITFARMS,0.2,0.8,0.0,0.0,0.0,0.0,4,1,5,3
KYG1144A1058,BIT DIGITAL,0.3,0.7,0.0,0.0,0.0,0.0,4,1,4,3
KYG114481008,BITDEER TECHNOLOGIES GROUP A,0.1,0.6,0.0,0.0,0.3,0.0,4,1,5,1
US21874A1060,CORE SCIENTIFIC,0.0,0.8,0.0,0.0,0.2,0.0,4,1,5,1
CA06683R1010,BANXA HOLDINGS,0.0,0.0,1.0,0.0,0.0,0.0,4,1,5,1
US9029521005,US GLOBAL INVRS.,0.0,0.0,0.0,1.0,0.0,0.0,3,1,1,0
CA75604K1075,REALBOTIX,0.8,0.0,0.0,0.2,0.0,0.0,4,1,3,3
US97717P1049,WISDOMTREE,0.0,0.0,1.0,0.0,0.0,0.0,4,0,1,0
US7707001027,ROBINHOOD MARKETS A,0.0,0.0,1.0,0.0,0.0,0.0,4,1,3,4
VGG4001R1047,GOLDMONEY,0.0,0.0,1.0,0.0,0.0,0.0,4,0,2,0
CA60800C2085,MOGO,0.2,0.0,0.8,0.0,0.0,0.0,4,0,1,1
US98419E1082,XUNLEI CL.A ADR 1:5,0.0,0.0,0.0,0.2,0.8,0.0,4,1,1,0
CH0010675863,SWISSQUOTE 'R',0.0,0.0,1.0,0.0,0.0,0.0,2,0,2,0
CA76803P1036,RIVALRY,0.0,0.0,1.0,0.0,0.0,0.0,4,0,0,0
JE00B1VS2W53,WISDOMTREE PHYSICAL PLATINUM ETC,0.0,0.0,0.0,0.0,0.0,1.0,NA,0,NA,NA
GB00BD3VDH82,VIVOPOWER INTERNATIONAL,0.0,1.0,0.0,0.0,0.0,0.0,3,0,0,0
US88080T1043,TERAWULF,0.0,0.9,0.0,0.0,0.1,0.0,4,0,5,1
CH1276062754,WISEKEY N,0.0,0.0,0.3,0.7,0.0,0.0,3,0,0,0
US25686H3084,DOLPHIN ENTERTAINMENT,0.0,0.0,0.3,0.7,0.0,0.0,4,1,1,0
JP3386040004,GMO GLOBALSIGN HOLDINGS KK,0.0,0.0,0.0,0.0,0.0,1.0,NA,0,NA,NA
JP3436120004,SBI HDG.,0.0,0.2,0.8,0.0,0.0,0.0,3,0,1,0
US81684M1045,SEMLER SCIENTIFIC,1.0,0.0,0.0,0.0,0.0,0.0,4,1,0,5
US20459V1052,COMPOSECURE A,0.0,0.0,0.0,1.0,0.0,0.0,4,0,1,0
KYG6391Y1281,NANO LABS A,0.3,0.0,0.0,0.0,0.7,0.0,4,0,4,3
US5917741044,METROPOLITAN BANK HDG.,0.0,0.0,1.0,0.0,0.0,0.0,4,0,1,0
BMG3602E1084,FLOW TRADERS,0.0,0.0,1.0,0.0,0.0,0.0,4,0,1,1
US98985Y1082,ZYMEWORKS,0.0,0.0,0.0,0.0,0.0,1.0,NA,0,NA,NA
CA67079A1021,NUVEI SUBORDINATE VOTING DEAD - DELIST.19/11/24,0.0,0.0,1.0,0.0,0.0,0.0,4,0,2,0
US39366L3078,RYVYL,0.0,0.0,1.0,0.0,0.0,0.0,4,0,1,0
US85205L1070,SPRINGWORKS THERAPEUTICS DEAD - DELIST.02/07/25,0.0,0.0,0.0,0.0,0.0,1.0,NA,0,NA,NA
US0381692070,APPLIED DIGITAL,0.0,0.0,0.0,0.0,1.0,0.0,4,0,4,0
AU000000ASX7,ASX,0.0,0.0,0.8,0.2,0.0,0.0,3,0,1,0
US9282541013,VIRTU FINANCIAL CL.A,0.0,0.0,1.0,0.0,0.0,0.0,4,0,1,0
KYG316421042,CLPS,0.0,0.0,0.0,1.0,0.0,0.0,3,0,1,0
US8522341036,BLOCK A,0.2,0.0,0.7,0.0,0.1,0.0,4,1,3,1
US72814P1093,PLAYBOY,0.2,0.0,0.8,0.0,0.0,0.0,3,0,1,1
US77313J1088,ROCKETFUEL BLOCKCHAIN,0.0,0.0,1.0,0.0,0.0,0.0,3,0,4,0
US98888T1079,ZimVie Inc,0.0,0.0,0.0,0.0,0.0,1.0,NA,0,NA,NA
US98923T1043,ZEDGE 'B',0.0,0.0,1.0,0.0,0.0,0.0,4,0,1,0
US21077F1003,CONTANGO ORE,0.0,0.0,0.0,0.0,0.0,1.0,NA,0,NA,NA
DE000FTG1111,FLATEXDEGIRO N,0.0,0.0,1.0,0.0,0.0,0.0,4,0,1,0
US3205511047,1STDIBS COM,0.0,0.0,1.0,0.0,0.0,0.0,4,0,1,0
US71948P2092,PHUNWARE,0.6,0.0,0.4,0.0,0.0,0.0,4,0,0,0
US9173131080,USIO,0.0,0.0,0.8,0.2,0.0,0.0,4,0,1,0
US36467W1099,GAMESTOP 'A',0.0,0.0,1.0,0.0,0.0,0.0,4,0,1,0
US37892C1062,GLIMPSE GROUP,0.0,0.0,0.0,1.0,0.0,0.0,3,0,1,0
US87652V1098,TASKUS A,0.0,0.0,0.0,1.0,0.0,0.0,4,0,1,0
CA92512J1066,VERSABANK,0.0,0.0,0.9,0.1,0.0,0.0,4,0,0,0
GB0006870611,GB GROUP,0.0,0.0,0.0,1.0,0.0,0.0,4,0,1,0
US92826C8394,VISA 'A',0.0,0.0,1.0,0.0,0.0,0.0,4,0,1,0
US57636Q1040,MASTERCARD,0.0,0.0,0.9,0.1,0.0,0.0,4,0,1,0
KYG6856M1069,OXBRIDGE RE HOLDINGS,0.0,0.0,1.0,0.0,0.0,0.0,4,0,1,0
BMG6964L2062,PAYSAFE,0.0,0.0,1.0,0.0,0.0,0.0,4,0,1,0
CA74971G4016,RF CAPITAL GROUP DEAD - DELIST.04/11/25,0.0,0.0,0.0,0.0,0.0,1.0,NA,0,NA,NA
US12572Q1058,CME GROUP,0.0,0.0,1.0,0.0,0.0,0.0,4,0,1,0
FI0009013296,NESTE,0.0,0.0,0.0,0.0,0.0,1.0,NA,0,NA,NA
CH0190891181,LEONTEQ,0.0,0.0,1.0,0.0,0.0,0.0,4,0,1,1
US98417P2048,XINYUAN REAL ESTATE ADR 1:20,0.0,0.0,0.7,0.3,0.0,0.0,4,0,1,0
US82669G1040,SIGNATURE BANK,0.0,0.0,1.0,0.0,0.0,0.0,4,1,2,0
US0921131092,BLACK HILLS,0.0,0.0,0.0,0.0,1.0,0.0,4,0,1,0
US60935Y2081,MONEYGRAM INTL. DEAD - DELIST.02/06/23,0.0,0.0,1.0,0.0,0.0,0.0,4,1,1,0
US67066G1040,NVIDIA,0.0,0.0,0.0,0.0,1.0,0.0,4,1,1,0
GB00B06QFB75,IG GROUP HOLDINGS,0.0,0.0,1.0,0.0,0.0,0.0,3,0,1,1
US11133T1034,BROADRIDGE FINL.SLTN.,0.0,0.0,0.0,1.0,0.0,0.0,3,0,0,0
GB00B14SKR37,CMC MARKETS,0.0,0.0,1.0,0.0,0.0,0.0,3,0,1,0
KR7036570000,NCSOFT,0.0,0.0,0.0,0.0,0.0,1.0,NA,0,NA,NA
KR7251270005,NETMARBLE,0.0,0.0,1.0,0.0,0.0,0.0,3,0,1,0
NO0013186460,ENSURGE MICROPOWER,0.0,0.0,0.0,0.1,0.0,0.9,2,0,0,0
JP3165700000,NTT DATA GROUP DEAD - DELIST.26/09/25,0.0,0.0,0.0,0.8,0.2,0.0,3,0,0,0
US64107N2062,LESAKA TECHNOLOGIES,0.0,0.0,1.0,0.0,0.0,0.0,4,0,1,0
AU0000186496,RAS TECHNOLOGY HOLDINGS,0.0,0.0,0.0,1.0,0.0,0.0,3,0,1,0
TW0002330008,TAIWAN SEMICON.MNFG.,0.0,0.0,0.0,0.0,1.0,0.0,4,0,1,0
US9273302094,VINCO VENTURES,0.0,0.0,0.6,0.0,0.4,0.0,3,1,1,0
TW0002357001,ASUSTEK COMPUTER,0.0,0.0,0.3,0.0,0.7,0.0,4,0,1,0
CA7594021007,REKLAIM,0.0,0.0,0.1,0.0,0.0,0.9,3,0,0,0
US82452J1097,SHIFT4 PAYMENTS A,0.0,0.0,0.4,0.0,0.0,0.6,4,0,1,1
AU000000EVS3,Envirosuite Ltd,0.0,0.0,0.0,0.0,0.0,1.0,NA,0,NA,NA
JP3160890004,ATEAM HOLDINGS,0.0,0.0,1.0,0.0,0.0,0.0,3,0,1,1
GB00B28ZPS36,RECORD,0.0,0.0,1.0,0.0,0.0,0.0,2,0,0,0
US29667K6038,ESPORTS ENTERTAINMENT GROUP,0.0,0.6,0.0,0.4,0.0,0.0,2,0,1,0
CA58490H1073,MEDICENNA THERP.,0.0,0.0,0.0,0.0,0.0,1.0,NA,0,NA,NA
US6311031081,NASDAQ,0.0,0.0,0.3,0.7,0.0,0.0,4,0,1,0
US12503M1080,CBOE GLOBAL MARKETS(BTS),0.0,0.0,1.0,0.0,0.0,0.0,4,0,1,0
US09229E3036,BLACKBOXSTOCKS,0.0,0.0,0.0,0.0,0.0,1.0,NA,0,NA,NA
JP3343200006,SANRIO,0.0,0.0,0.0,1.0,0.0,0.0,2,0,0,0
US21718L2016,COOTEK 1:650 ADR,0.0,0.0,0.0,0.0,0.0,1.0,NA,0,NA,NA
TW0003529004,EMEMORY TECHNOLOGY,0.0,0.0,0.0,0.1,0.0,0.9,3,0,0,0
US57142B1044,MARQETA A,0.0,0.0,0.0,0.3,0.0,0.7,3,0,1,0
ROJ8YZPDHWW8,ONE UNITED PROPERTIES,0.0,0.0,0.0,0.0,0.0,1.0,NA,0,NA,NA
KR7263750002,PEARLABYSS,0.0,0.0,0.0,0.0,0.0,1.0,NA,0,NA,NA
US05588W1080,BNY MELLON STRATEGIC MUNICIPALS,0.0,0.0,0.0,0.0,0.0,1.0,NA,0,NA,NA
US91531W1062,UP FINTECH HOLDING ADR A 1:15,0.0,0.0,1.0,0.0,0.0,0.0,4,0,1,0
US0079031078,ADVANCED MICRO DEVICES,0.0,0.0,0.0,0.0,1.0,0.0,4,0,0,0
ID1000096605,BANK NEGARA INDONESIA,0.0,0.0,1.0,0.0,0.0,0.0,2,0,0,0
US96327X2009,WHERE FOOD COMES FROM,1.0,0.0,0.0,0.0,0.0,0.0,4,0,0,1
US00165C3025,AMC ENTERTAINMENT HDG. CL.A,0.0,0.0,0.0,0.0,0.0,1.0,NA,1,NA,NA
KYG5966D1051,MEITU,1.0,0.0,0.0,0.0,0.0,0.0,2,0,0,0
INE344S01016,INFOBEANS TECHNOLOGIES,0.0,0.0,0.0,1.0,0.0,0.0,3,0,1,0
US70450Y1038,PAYPAL HOLDINGS,0.0,0.0,1.0,0.0,0.0,0.0,4,0,1,1
US87808K1060,TCR2 THERAPEUTICS DEAD - DELIST.02/06/23,0.0,0.0,0.0,0.0,0.0,1.0,NA,0,NA,NA
US45166V2051,IDEANOMICS,0.0,0.0,0.7,0.3,0.0,0.0,3,0,0,0
IE00B4Q5ZN47,JAZZ PHARMACEUTICALS,0.0,0.0,0.0,0.0,0.0,1.0,NA,0,NA,NA
GB00BG12XV81,AUGMENTUM FINTECH,0.0,0.0,1.0,0.0,0.0,0.0,2,0,0,0
GB00BLS0XX25,EQUALS GROUP DEAD - DELIST.15/04/25,0.0,0.0,1.0,0.0,0.0,0.0,2,0,0,0
US09077B1044,BIOATLA,0.0,0.0,0.0,0.0,0.0,1.0,NA,0,NA,NA
IL0011691438,COGNYTE SOFTWARE,0.0,0.0,0.0,1.0,0.0,0.0,4,0,1,0
US46264C3051,AUTHID,0.0,0.0,0.0,1.0,0.0,0.0,3,0,1,0
JP3882750007,MIXI,0.0,0.0,1.0,0.0,0.0,0.0,2,0,1,0
IL0011284465,PLUS500,0.0,0.0,1.0,0.0,0.0,0.0,4,0,1,0
INE467B01029,TATA CONSULTANCY SVS.,0.0,0.0,0.0,1.0,0.0,0.0,4,0,1,0
US2372661015,DARLING INGREDIENTS,0.0,0.0,0.0,0.0,0.0,1.0,NA,0,NA,NA
US4592001014,INTERNATIONAL BUS.MCHS.,0.0,0.0,0.2,0.8,0.0,0.0,3,0,1,0
US36118L1061,FUTU HOLDINGS ADR 1:8,0.0,0.0,1.0,0.0,0.0,0.0,4,0,1,0
US55825T1034,MADISON SQUARE GARDEN SPORTS A,0.0,0.0,0.0,1.0,0.0,0.0,3,0,0,0
SE0012454072,AVANZA BANK HOLDING,0.0,0.0,1.0,0.0,0.0,0.0,3,0,1,0
US83406F1021,SOFI TECHNOLOGIES,0.0,0.0,1.0,0.0,0.0,0.0,4,0,1,0
DE0005810055,DEUTSCHE BOERSE,0.0,0.0,1.0,0.0,0.0,0.0,4,0,1,0
US17253H1005,SIDECHANNEL,0.0,0.0,0.0,0.1,0.0,0.9,2,0,0,0
US5414401035,LOGIQ,0.0,0.0,0.0,0.0,0.0,1.0,NA,0,NA,NA
US23131B3078,CURRENCY EXCHANGE INTL.,0.0,0.0,0.0,0.0,0.0,1.0,NA,0,NA,NA
US01644J1088,ALKAMI TECHNOLOGY,0.0,0.0,0.0,1.0,0.0,0.0,4,0,1,0
KR7035720002,KAKAO,0.0,0.0,0.6,0.4,0.0,0.0,4,1,1,0
BRB3SAACNOR6,B3 BRASIL BOLSA BALCAO ON,0.0,0.0,1.0,0.0,0.0,0.0,4,0,1,0
US3610081057,FUNKO CL.A,0.0,0.0,1.0,0.0,0.0,0.0,4,0,1,1
US7509171069,RAMBUS,0.0,0.0,0.0,0.1,0.0,0.9,3,0,0,0
US57055L2060,MARKER THERAPEUTICS,0.0,0.0,0.0,0.0,0.0,1.0,NA,0,NA,NA
IL0011794802,CELLEBRITE DI,0.0,0.0,0.0,1.0,0.0,0.0,4,0,1,0
GB00BNDRLN84,PENSIONBEE GROUP,0.0,0.0,0.0,0.0,0.0,1.0,NA,0,NA,NA
US88262P1021,TEXAS PACIFIC LAND TRUST,0.0,0.0,0.0,0.0,1.0,0.0,4,0,0,0
US72815G1085,PLAYSTUDIOS A,0.0,0.0,1.0,0.0,0.0,0.0,3,0,0,0
IL0011590291,TEL AVIV STOCK EXCHANGE,0.0,0.0,1.0,0.0,0.0,0.0,2,0,0,0
CA87262K1057,TMX GROUP,0.0,0.0,1.0,0.0,0.0,0.0,4,0,1,0
US46604H2040,IZEA WORLDWIDE,0.6,0.2,0.0,0.2,0.0,0.0,3,0,0,1
US14167R1005,CARECLOUD,0.0,0.0,0.0,0.0,0.0,1.0,NA,0,NA,NA
CA29385B1094,ENTHUSIAST GAMING HOLDINGS,0.0,0.0,0.0,1.0,0.0,0.0,4,0,1,0
US60938K3041,MONEYLION A DEAD - DELIST.17/04/25,0.0,0.0,1.0,0.0,0.0,0.0,4,0,0,0
US2056504010,COMSOVEREIGN HOLDING,0.0,0.0,0.0,0.0,0.0,1.0,NA,0,NA,NA
LU0974299876,GLOBANT,0.2,0.0,0.1,0.7,0.0,0.0,4,0,1,1
CA8520662088,SPROTT,1.0,0.0,0.0,0.0,0.0,0.0,3,0,0,1
SG1L01001701,DBS GROUP HOLDINGS,0.0,0.0,1.0,0.0,0.0,0.0,4,0,1,0
CA2073241044,CONIFEX TIMBER,0.0,0.0,0.0,0.0,1.0,0.0,3,0,0,0
US4992382022,USBC (ASE),0.0,0.0,0.0,0.0,0.0,1.0,NA,0,NA,NA
ZAE000079711,JSE,0.0,0.0,0.0,0.0,0.0,1.0,NA,0,NA,NA
US90138F1021,TWILIO 'A',0.0,0.0,0.0,1.0,0.0,0.0,3,0,1,0
US8964423086,TRINITY CAPITAL,0.0,0.0,1.0,0.0,0.0,0.0,4,0,1,1
US05465C1009,AXOS FINANCIAL,0.0,0.0,1.0,0.0,0.0,0.0,4,0,1,0
US75955K3005,REMARK HOLDINGS,0.0,0.0,0.2,0.0,0.0,0.8,3,0,0,0
DK0060745370,NETS DEAD - DELIST.13/02/18,0.0,0.0,0.0,0.2,0.0,0.8,2,0,0,0
DE0005800601,GFT TECHNOLOGIES,0.0,0.0,0.0,0.7,0.0,0.3,4,0,0,0
US92343E1029,VERISIGN,0.0,0.0,0.0,0.0,0.0,1.0,NA,0,NA,NA
US47737C1045,JIAYIN GROUP ADR 1:4,0.0,0.0,0.0,0.0,0.0,1.0,NA,0,NA,NA
US68248T2042,ONECONNECT FINL. TECH. ADR 1:30,0.0,0.0,0.0,1.0,0.0,0.0,4,0,1,0
US45866F1049,INTERCONTINENTAL EX.,0.0,0.0,1.0,0.0,0.0,0.0,4,0,1,0
US45841N1072,INTERACTIVE BROKERS GROUP A,0.0,0.0,1.0,0.0,0.0,0.0,4,0,1,0
US25402D1028,DIGITALOCEAN HOLDINGS,0.0,0.0,0.0,0.0,1.0,0.0,4,0,2,0
DE000A3E5C40,4 SC,0.0,0.0,0.0,0.0,0.0,1.0,NA,0,NA,NA
INE483C01032,TANLA PLATFORMS,0.0,0.0,0.0,0.0,0.0,1.0,NA,0,NA,NA
US65442R2085,9F ADR 1:20,0.0,0.0,0.0,0.0,0.0,1.0,NA,0,NA,NA
US90184L1026,TWITTER DEAD - DELIST.28/10/22,0.0,0.0,0.0,1.0,0.0,0.0,3,0,0,0
US3546131018,FRANKLIN RESOURCES,0.0,0.0,1.0,0.0,0.0,0.0,4,0,1,0
US01877R1086,ALLIANCE RSO.PTNS.L P UT LP.,0.0,0.9,0.0,0.0,0.1,0.0,4,0,1,1
AU000000DTL4,DATA#3,0.0,0.0,0.0,0.0,0.0,1.0,NA,0,NA,NA
US0640581007,BANK OF NEW YORK MELLON,0.0,0.0,1.0,0.0,0.0,0.0,4,0,1,0
US74837P4054,QUICKLOGIC,0.0,0.0,0.0,0.0,0.0,1.0,NA,0,NA,NA
US5380341090,LIVE NATION ENTM.,0.0,0.0,0.6,0.4,0.0,0.0,3,0,1,0
GB00B1VQ6H25,YOUGOV,0.0,0.0,0.0,0.0,0.0,1.0,NA,0,NA,NA
US1095041000,BRILLIANT EARTH GROUP A,0.0,0.0,0.0,0.0,0.0,1.0,NA,0,NA,NA
GB0031477770,FD TECHNOLOGIES DEAD - DELIST.23/07/25,0.0,0.0,0.0,1.0,0.0,0.0,3,0,1,0
AU000000WEB7,WEB TRAVEL GROUP,0.0,0.0,0.0,0.0,0.0,1.0,NA,0,NA,NA
US29260Y1091,ENDEAVOR GROUP HOLDINGS A,0.0,0.0,0.0,0.0,0.0,1.0,NA,0,NA,NA
US19240Q2012,COGENT BIOSCIENCES,0.0,0.0,0.0,0.0,0.0,1.0,NA,0,NA,NA
GB00BD5JNK30,AQUIS EXCHANGE DEAD - DELIST.02/07/25,0.0,0.0,0.0,1.0,0.0,0.0,2,0,1,0
US32026V1044,FIRST FOUNDATION,0.0,0.0,1.0,0.0,0.0,0.0,3,0,0,0
US64115A4022,NETSOL TECHS.,0.0,0.0,0.0,0.0,0.0,1.0,NA,0,NA,NA
US6903701018,BED BATH AND BEYOND,0.0,0.0,0.8,0.2,0.0,0.0,4,1,0,0
GB00BNTJ3546,ALLFUNDS GROUP,0.0,0.0,0.0,1.0,0.0,0.0,3,0,1,0
FR0000130692,COMPAGNIE CHARGEURS INVEST,0.0,0.0,0.0,0.0,0.0,1.0,NA,0,NA,NA
CA8536061010,STANDARD LITHIUM,0.0,0.0,0.0,0.0,0.0,1.0,NA,0,NA,NA
IM00B7S9G985,PLAYTECH,0.0,0.0,1.0,0.0,0.0,0.0,3,0,1,0
SE0018012494,MODERN TIMES GROUP MTG B,0.0,0.0,0.0,1.0,0.0,0.0,2,0,1,0
INE754A01055,SUBEX,0.0,0.0,0.0,0.0,0.0,1.0,NA,0,NA,NA
KYG0567U1278,ARQIT QUANTUM,0.0,0.0,0.0,1.0,0.0,0.0,3,0,0,0
CA7490931002,QUORUM INFO.TECHS.,0.0,0.0,0.0,0.0,0.0,1.0,NA,0,NA,NA
US31620M1062,FIDELITY NAT.INFO.SVS.,0.0,0.0,1.0,0.0,0.0,0.0,4,0,1,0
GG00BMHG0H12,POLLEN STREET GROUP,0.0,0.0,0.0,0.0,0.0,1.0,NA,0,NA,NA
US7002153044,REPOSITRAK,0.0,0.0,0.0,0.0,0.0,1.0,NA,0,NA,NA
US4511071064,IDACORP,0.0,0.0,0.0,0.0,1.0,0.0,4,0,0,0
US23204G1004,CUSTOMERS BANCORP,0.0,0.0,1.0,0.0,0.0,0.0,4,0,1,0
US09290D1019,BLACKROCK,0.0,0.0,1.0,0.0,0.0,0.0,4,0,1,0
US4074971064,HAMILTON LANE CL.A,0.0,0.0,1.0,0.0,0.0,0.0,4,0,1,0
JE00BMDZN391,TP ICAP GROUP,0.0,0.0,1.0,0.0,0.0,0.0,4,0,1,0
HK2388011192,BOC HONG KONG HOLDINGS,0.0,0.0,0.0,0.0,0.0,1.0,NA,0,NA,NA
US03831W1080,APPLOVIN A,0.0,0.0,0.0,0.0,0.0,1.0,NA,0,NA,NA
US60937K2069,MONEYONMOBILE,0.0,0.0,0.0,0.0,0.0,1.0,NA,0,NA,NA
AU000000NSC4,NAOS SMALL CAP OPPORTUNITIES COMPANY,0.0,0.0,0.0,0.0,0.0,1.0,NA,0,NA,NA
US29109X1063,ASPEN TECHNOLOGY DEAD - DELIST.13/03/25,0.0,0.0,0.0,0.0,0.0,1.0,NA,0,NA,NA
US3743964062,GEVO,0.0,0.0,0.0,0.0,0.0,1.0,NA,0,NA,NA
JP3885780001,MIZUHO FINL.GP.,0.0,0.0,0.0,0.0,0.0,1.0,NA,0,NA,NA
KR7005930003,SAMSUNG ELECTRONICS,0.0,0.0,0.0,0.4,0.6,0.0,2,0,0,0
BMG2442N1048,COSCO SHIPPING PORTS,0.0,0.0,0.0,0.0,0.0,1.0,NA,0,NA,NA
HK0388045442,HONG KONG EXCHANGES AND CLEARING,0.0,0.0,1.0,0.0,0.0,0.0,2,0,1,0
US04965G1094,ATRECA DEAD - DELIST.17/06/24,0.0,0.0,0.0,0.0,0.0,1.0,NA,0,NA,NA
US83067L2088,SKILLZ A,0.0,0.0,0.0,0.0,0.0,1.0,NA,0,NA,NA
US69349H1077,TXNM ENERGY,0.0,0.0,0.0,0.0,0.1,0.9,3,0,1,0
AU000000SEQ3,SEQUOIA FINL.GP.,0.0,0.0,0.0,0.0,0.0,1.0,NA,0,NA,NA
US14067D5086,CAPSTONE GREEN ENERGY DEAD - DELIST.08/12/23,0.0,0.0,0.0,0.0,1.0,0.0,4,0,2,0
US2244081046,CRANE,0.0,0.0,0.0,0.0,0.0,1.0,NA,0,NA,NA
JP3592200004,TOSHIBA DEAD - DELIST.20/12/23,0.0,0.0,0.0,0.0,0.0,1.0,NA,0,NA,NA
HK0086000525,SUN HUNG KAI & COMPANY,0.0,0.0,1.0,0.0,0.0,0.0,3,0,1,0
US45816D1000,CORECARD DEAD - DELIST.31/10/25,0.0,0.0,0.0,0.0,0.0,1.0,NA,0,NA,NA
KR7030200000,KT,0.0,0.0,0.4,0.6,0.0,0.0,4,0,1,0
KYG6683N1034,NU HOLDINGS A,0.2,0.0,0.8,0.0,0.0,0.0,4,0,1,1
US1381031061,CANTALOUPE,0.0,0.0,0.0,1.0,0.0,0.0,2,0,0,0
JP3423300007,SEPTENI HOLDINGS,0.0,0.0,0.0,1.0,0.0,0.0,3,0,0,0
US74934Q1085,RCI HOSPITALITY HDG.,0.0,0.0,1.0,0.0,0.0,0.0,4,0,0,0
GB00BP6S8Z30,OXFORD NANOPORE TECHNOLOGIES,0.0,0.0,0.0,0.0,0.0,1.0,NA,0,NA,NA
US58733R1023,MERCADOLIBRE,0.2,0.0,0.8,0.0,0.0,0.0,4,0,1,1
US69608A1088,PALANTIR TECHNOLOGIES A,0.0,0.0,0.0,1.0,0.0,0.0,3,0,1,0
US31189P1021,FATE THERAPEUTICS,0.0,0.0,0.0,0.0,0.0,1.0,NA,0,NA,NA
US45675Y1047,INFORMATION SVS.GP.,0.0,0.0,0.0,0.0,0.0,1.0,NA,0,NA,NA
CH0528751586,VZ HOLDING 'N',0.0,0.0,1.0,0.0,0.0,0.0,3,0,1,0
GB00BN44P254,BALTIC CLASSIFIEDS GROUP,0.0,0.0,0.0,0.0,0.0,1.0,NA,0,NA,NA
NO0010629108,NEXT BIOMETRICS GROUP,0.0,0.0,0.0,1.0,0.0,0.0,2,0,1,0
SG1S04926220,OVERSEA-CHINESE BKG.,0.0,0.0,1.0,0.0,0.0,0.0,2,0,1,0
INE898S01029,AURUM PROPTECH,0.0,0.0,0.0,0.0,0.0,1.0,NA,0,NA,NA
US68373M1071,OPERA AMERICAN DEPOSITARY SHARES 1:1,0.0,0.0,0.0,1.0,0.0,0.0,4,0,0,0
INE419U01012,HAPPIEST MINDS TECHNOLOGIES PVT,0.0,0.0,0.0,1.0,0.0,0.0,4,0,0,0
CNE000001P37,INDUSTRIAL & COML.BK.OF CHINA 'A',0.0,0.0,0.0,0.0,0.0,1.0,NA,0,NA,NA
AU0000124422,ANSARADA GROUP DEAD - DELIST.09/09/24,0.0,0.0,0.0,0.0,0.0,1.0,NA,0,NA,NA
US05580M1080,B RILEY FINANCIAL,0.0,0.0,0.0,1.0,0.0,0.0,3,0,1,0
CA66987E2069,NOVAGOLD RESOURCES,0.0,0.0,0.0,0.0,0.0,1.0,NA,0,NA,NA
US25862B1098,DOUBLEDOWN INTERACTIVE ADR 20:1,0.0,0.0,0.0,0.0,0.0,1.0,NA,0,NA,NA
CNE1000002G3,CHIN.COMMS.SVS.'H',0.0,0.0,0.0,0.0,0.0,1.0,NA,0,NA,NA
ES0132945017,TUBACEX,0.0,0.0,0.0,0.0,0.0,1.0,NA,0,NA,NA
US3175854047,FINANCIAL INSTITUTIONS,0.0,0.0,1.0,0.0,0.0,0.0,4,0,1,0
US52567D1072,LEMONADE,0.0,0.0,0.0,0.0,0.0,1.0,NA,0,NA,NA
US09662E1091,BNY MEL.STGC.MUN. BF.,0.0,0.0,0.0,0.0,0.0,1.0,NA,0,NA,NA
DE000DWS1007,DWS GROUP,0.0,0.0,1.0,0.0,0.0,0.0,4,0,1,0
BMG4690M1010,IBEX,0.0,0.0,0.0,1.0,0.0,0.0,4,0,2,0
INE809I01019,ONMOBILE GLOBAL,0.0,0.0,0.7,0.3,0.0,0.0,3,0,1,0
TW0003711008,ASE TECHNOLOGY HOLDING,0.0,0.0,0.0,0.0,1.0,0.0,3,0,0,0
IL0010852080,COMPUGEN,0.0,0.0,0.0,0.0,0.0,1.0,NA,0,NA,NA
GB00BJQTGV64,DIACEUTICS,0.0,0.0,0.0,0.0,0.0,1.0,NA,0,NA,NA
CH0012335540,VONTOBEL HOLDING,0.0,0.0,1.0,0.0,0.0,0.0,2,0,1,0
US6708371033,OGE ENERGY,0.0,0.0,0.0,0.0,1.0,0.0,4,0,1,0
US86633R6099,DATAVAULT AI,0.0,0.0,0.7,0.3,0.0,0.0,3,0,0,0
JP3120010008,ICHIGO,0.0,0.0,1.0,0.0,0.0,0.0,4,0,2,0
US8618961085,STONEX GROUP,0.0,0.0,1.0,0.0,0.0,0.0,4,0,1,0
US9345502036,WARNER MUSIC GROUP A,0.0,0.0,0.0,1.0,0.0,0.0,3,0,1,0
JP3902900004,MITSUBISHI UFJ FINL.GP.,0.0,0.0,1.0,0.0,0.0,0.0,3,0,1,0
US54572F1012,LOTUS TECH.AMER. DEPY. SHS.1:1,0.0,0.0,0.0,0.0,0.0,1.0,NA,0,NA,NA
CNE100002342,CHINA REINSURANCE (GP.) 'H',0.0,0.0,0.0,0.0,0.0,1.0,NA,0,NA,NA
US81367P2002,SECOO HOLDING ADR 1:5,0.0,0.0,0.0,0.0,0.0,1.0,NA,0,NA,NA
US22978P1066,CUE BIOPHARMA,0.0,0.0,0.0,0.0,0.0,1.0,,0,,
CNE1000055G1,CHINA MOBILE 'A',0.0,0.0,0.0,0.0,0.0,1.0,3,0,NA,NA
US31428X1063,FEDEX,0.0,0.0,0.0,0.0,0.0,1.0,3,0,NA,NA
US55279B3015,LITE STRATEGY,0.0,0.0,0.0,0.0,0.0,1.0,3,0,NA,NA
US75960P1049,REMITLY GLOBAL,0.0,0.0,0.2,0.0,0.0,0.8,3,0,1,0
US2928121043,ENFUSION A DEAD - DELIST.21/04/25,0.0,0.0,0.0,0.2,0.0,0.8,3,0,1,0
US88546E1055,THOUGHTWORKS HOLDING DEAD - DELIST.14/11/24,0.0,0.0,0.0,0.2,0.0,0.8,3,0,1,0
INE483S01020,INFIBEAM AVENUES,0.0,0.0,0.0,0.2,0.0,0.8,3,0,0,0
US9598021098,WESTERN UNION,0.0,0.0,0.0,0.0,0.0,1.0,NA,0,NA,NA
KYG6427W1042,NETDRAGON WEBSOFT,1.0,0.0,0.0,0.0,0.0,0.0,2,0,1,1
US5582561032,MADISON SQUARE GARDEN ENTERTAINMENT A,0.0,0.0,0.0,1.0,0.0,0.0,2,0,0,0
NL0015000IY2,UNIVERSAL MUSIC GROUP,0.0,0.0,0.0,1.0,0.0,0.0,3,0,1,1
US1630752038,CHEETAH MOBILE ADR 1:50,0.0,0.0,1.0,0.0,0.0,0.0,4,0,1,0
US7580754023,REDWOOD TST.,0.0,0.0,0.0,0.0,0.0,1.0,NA,0,NA,NA
US9307522097,WAITR HLDGS,0.0,0.0,0.0,0.0,0.0,1.0,NA,0,NA,NA
JP3758190007,NEXON,1.0,0.0,0.0,0.0,0.0,0.0,4,0,0,1
US0044981019,ACI WORLDWIDE,0.0,0.0,1.0,0.0,0.0,0.0,3,0,1,0
CA9290821052,VOXTUR ANALYTICS SUSP - SUSP.09/09/25,0.0,0.0,0.0,1.0,0.0,0.0,2,0,0,0
US45245S1087,IMAGEWARE SYSTEMS,0.0,0.0,0.0,1.0,0.0,0.0,3,0,0,0
US92645B1035,VICTORY CAPITAL HOLDINGS A,0.0,0.0,1.0,0.0,0.0,0.0,4,0,1,0
NL0011821202,ING GROEP,0.0,0.0,0.6,0.4,0.0,0.0,3,0,0,0
CA82509L1076,SHOPIFY SUBD.VTG.SHS.'A',0.0,0.0,0.0,1.0,0.0,0.0,3,0,1,0
FR0011341205,NANOBIOTIX,0.0,0.0,0.0,0.0,0.0,1.0,NA,0,NA,NA
US86887Q1094,SURO CAPITAL,0.0,0.0,0.0,0.0,0.0,1.0,NA,0,NA,NA
SG1M31001969,UNITED OVERSEAS BANK,0.0,0.0,1.0,0.0,0.0,0.0,2,0,1,0
KYG3307Z1090,FAR EAST CONSORT.INTL.,0.0,0.0,0.0,0.0,0.0,1.0,NA,0,NA,NA
GB00BFZZM640,S4 CAP.ORD.SHS.,0.0,0.0,0.0,1.0,0.0,0.0,3,0,1,0
GB00B01QGK86,NCC GROUP,0.0,0.0,0.0,1.0,0.0,0.0,3,0,1,0
CA1254911003,CI FINANCIAL DEAD - DELIST.15/08/25,0.0,0.0,1.0,0.0,0.0,0.0,4,0,1,0
US6067102003,MITEK SYSTEMS,0.0,0.0,0.0,1.0,0.0,0.0,3,0,1,0
ES0175438003,PROSEGUR CIA.SECURIDAD,0.0,0.0,1.0,0.0,0.0,0.0,3,0,1,0
GG00B1RMC548,TETRAGON FINANCIAL GROUP,0.0,0.0,1.0,0.0,0.0,0.0,3,0,2,0
FR0010425595,CELLECTIS,0.0,0.0,0.0,0.0,0.0,1.0,NA,0,NA,NA
US00653A1079,ADAPTIMMUNE THERP. SPN. AMER.DEPY.SHS.1:6,0.0,0.0,0.0,0.0,0.0,1.0,NA,0,NA,NA
US86882L2043,SURGEPAYS,0.0,0.1,0.1,0.0,0.0,0.8,3,0,0,0
KYG4672G1064,HCH.TELECOM.HK.HOLDINGS,0.0,0.0,0.1,0.1,0.0,0.8,3,0,0,0
US74017N1054,PRECIGEN,0.0,0.0,0.0,0.0,0.0,1.0,NA,0,NA,NA
HK0000049939,CHINA UNICOM (HONG KONG),0.0,0.0,0.0,0.0,0.0,1.0,NA,0,NA,NA
ARP533511050,SOLVAY INDUPA,0.0,0.0,0.0,0.0,0.0,1.0,NA,0,NA,NA
SE0007100599,SVENSKA HANDELSBANKEN A,0.0,0.0,0.0,0.0,0.0,1.0,NA,0,NA,NA
US22041X1028,CORSAIR GAMING,0.0,0.0,0.0,0.0,0.0,1.0,NA,0,NA,NA
CNE100003PZ4,POSTAL SAVINGS BANK OF CHINA 'A',0.0,0.0,1.0,0.0,0.0,0.0,2,0,1,0
US67106F1084,OTC MARKETS GP.CL.A,0.0,0.0,1.0,0.0,0.0,0.0,4,0,1,0
US03213A1043,AMPLITUDE A,0.0,0.0,0.0,0.0,0.0,1.0,NA,0,NA,NA
US92765F1084,VIRACTA THERAPEUTICS DEAD - DELIST.17/07/25,0.0,0.0,0.0,0.0,0.0,1.0,NA,0,NA,NA
PLGPW0000017,WARSAW STOCK EXCHANGE,0.0,0.0,1.0,0.0,0.0,0.0,4,0,0,0
ZAE000123436,ADCOCK INGRAM HOLDINGS DEAD - DELIST.11/11/25,0.0,0.0,0.0,0.0,0.0,1.0,NA,0,NA,NA
IL0011786493,RISKIFIED A,0.0,0.0,0.0,1.0,0.0,0.0,4,0,1,0
US0936711052,H&R BLOCK,0.0,0.0,0.0,1.0,0.0,0.0,3,0,1,0
US6404911066,NEOGEN,0.0,0.0,0.0,0.0,0.0,1.0,NA,0,NA,NA
JP3933800009,LY,0.0,0.0,1.0,0.0,0.0,0.0,4,0,1,0
US0794814048,BELLICUM PHARMACEUTICALS DEAD - DELIST.05/03/24,0.0,0.0,0.0,0.0,0.0,1.0,NA,0,NA,NA
GB00BL9YR756,WISE A,0.0,0.0,0.0,0.0,0.0,1.0,NA,0,NA,NA
DE0007164600,SAP,0.0,0.0,0.0,1.0,0.0,0.0,3,0,0,0
NO0010609662,WEBSTEP,0.0,0.0,0.0,1.0,0.0,0.0,3,0,0,0
US5768103039,MATINAS BIOPHARMA HDG.,0.0,0.0,0.0,0.0,0.0,1.0,NA,0,NA,NA
CA26142Q3044,DRAGANFLY,0.0,0.0,0.0,0.0,0.0,1.0,NA,0,NA,NA
US8256901005,SHUTTERSTOCK,0.0,0.0,0.0,0.0,0.0,1.0,NA,0,NA,NA
US29260V1052,ENDAVA ADR 1:1,0.0,0.0,0.0,1.0,0.0,0.0,3,0,1,0
HK0011000095,HANG SENG BANK,0.0,0.0,0.0,0.0,0.0,1.0,NA,0,NA,NA
FR0000054470,UBISOFT ENTERTAINMENT CAT A,0.0,0.0,0.0,1.0,0.0,0.0,3,0,1,0
IE00B4BNMY34,ACCENTURE CLASS A,0.0,0.0,0.0,1.0,0.0,0.0,3,0,1,0
US0258161092,AMERICAN EXPRESS,0.0,0.0,0.2,0.0,0.0,0.8,3,0,0,0
US72941H5090,PLUS THERAPEUTICS,0.0,0.0,0.0,0.0,0.0,1.0,NA,0,NA,NA
US2561631068,DOCUSIGN,0.0,0.0,0.0,0.0,0.0,1.0,NA,0,NA,NA
TW0002303005,UNITED MICRO ELTN.,0.0,0.0,0.0,0.0,1.0,0.0,4,0,1,0
US26142V1052,DRAFTKINGS A,0.0,0.0,0.9,0.0,0.1,0.0,4,0,1,0
US30049R2094,SYMBOLIC LOGIC,0.0,0.0,0.0,0.0,0.0,1.0,NA,0,NA,NA
INE669C01036,TECH MAHINDRA,0.0,0.0,0.0,1.0,0.0,0.0,4,0,1,0
US4039491000,HF SINCLAIR,0.0,0.0,0.0,0.0,0.0,1.0,NA,0,NA,NA
FI0009007264,BITTIUM,0.0,0.0,0.0,0.0,0.0,1.0,NA,0,NA,NA
CH0012268360,KUDELSKI 'B',0.0,0.0,0.0,1.0,0.0,0.0,4,0,1,0
SG1J26887955,SINGAPORE EXCHANGE,0.0,0.0,1.0,0.0,0.0,0.0,3,0,1,0
KR7000660001,SK HYNIX,0.0,0.0,0.0,0.0,0.1,0.9,3,0,1,0
KYG525681477,KINGDEE INTL. SOFTWARE GROUP,0.0,0.0,0.0,0.1,0.0,0.9,3,0,1,0
FR0014003FE9,BELIEVE DEAD - DELIST.05/08/25,0.0,0.0,0.0,0.0,0.0,1.0,NA,0,NA,NA
US92836Y4098,VISLINK TECHNOLOGIES,0.0,0.0,0.0,0.0,0.0,1.0,NA,0,NA,NA
KYG5784H1065,MANCHESTER UNITED CL.A,0.0,0.0,0.0,0.2,0.0,0.8,4,0,1,0
US38141G1040,GOLDMAN SACHS GP.,0.0,0.0,1.0,0.0,0.0,0.0,4,0,1,0
CA38071H1064,GOLD ROYALTY,0.0,0.0,0.0,0.0,0.0,1.0,NA,0,NA,NA
US7238363003,PIONEER POWER SOLUTIONS,0.0,0.0,0.0,0.0,0.0,1.0,NA,0,NA,NA
ZAE000072328,GRINDROD,0.0,0.0,0.0,0.0,0.0,1.0,NA,0,NA,NA
CA12532H1047,CGI A,0.0,0.0,0.0,0.0,0.0,1.0,NA,0,NA,NA
KYG213071064,CI T A,0.0,0.0,0.0,0.0,0.0,1.0,NA,0,NA,NA
CA85207H1047,SPROTT PHYSICAL (ARC) GOLD TRUST USD,0.0,0.0,0.0,0.0,0.0,1.0,NA,0,NA,NA
KYG211461085,CHOW TAI FOOK JEWELLERY GP.,0.0,0.0,0.0,0.0,0.0,1.0,NA,0,NA,NA
AU000000APX3,APPEN,0.0,0.0,1.0,0.0,0.0,0.0,3,0,1,1
US0197701065,ALLOGENE THERAPEUTICS,0.0,0.0,0.0,0.0,0.0,1.0,NA,0,NA,NA
US45665G3039,INFINITY PHARMACEUTICALS,0.0,0.0,0.0,0.0,0.0,1.0,NA,0,NA,NA
US05587G2030,BK TECHNOLOGIES,0.0,0.0,0.0,0.0,0.0,1.0,NA,0,NA,NA
US8574771031,STATE STREET,0.0,0.0,1.0,0.0,0.0,0.0,3,0,1,0
US20602D1019,CONCENTRIX,0.0,0.0,0.0,1.0,0.0,0.0,2,0,1,0
ES0105229001,PROSEGUR CASH,0.0,0.0,1.0,0.0,0.0,0.0,3,0,1,0
US91913Y1001,VALERO ENERGY,0.0,0.0,0.0,0.0,0.0,1.0,NA,0,NA,NA
NO0010234552,AKER,0.9,0.1,0.0,0.0,0.0,0.0,3,0,0,1
US1200761047,BUILD A BEAR WORKSHOP,0.0,0.0,1.0,0.0,0.0,0.0,3,0,1,0
US29273B5003,ENDRA LIFE SCIENCES,0.0,0.0,0.0,0.0,0.0,1.0,NA,0,NA,NA
US6952631033,PACWEST BANCORP DEAD - DELIST.01/12/23,0.0,0.0,0.0,0.0,0.0,1.0,NA,0,NA,NA
BMG5485F1692,LI & FUNG DEAD - DELIST.28/05/20,0.0,0.0,0.0,0.0,0.0,1.0,NA,0,NA,NA
US5288723027,LEXICON PHARMACEUTICALS,0.0,0.0,0.0,0.0,0.0,1.0,NA,0,NA,NA
US6896481032,OTTER TAIL,0.0,0.0,0.0,0.0,1.0,0.0,4,0,2,0
JP3274070006,GREE HOLDINGS,0.1,0.0,0.0,0.3,0.6,0.0,2,0,1,1
US24344T1016,DECIPHERA PHARMS. DEAD - DELIST.12/06/24,0.0,0.0,0.0,0.0,0.0,1.0,NA,0,NA,NA
MYL1818OO003,BURSA MALAYSIA,0.0,0.0,0.0,0.0,0.0,1.0,NA,0,NA,NA
US18915M1071,CLOUDFLARE A,0.0,0.0,0.0,0.7,0.3,0.0,4,0,0,0
US64082B1026,NERDWALLET A,0.0,0.0,0.0,1.0,0.0,0.0,3,0,1,0
CA1048333068,BRAGG GAMING GROUP,0.0,0.0,0.0,0.0,0.0,1.0,NA,0,NA,NA
US0038813079,ACACIA RESH.-ACI.TECHS.,0.0,0.0,0.0,0.0,0.0,1.0,NA,0,NA,NA
US78409V1044,S&P GLOBAL,0.0,0.0,0.0,1.0,0.0,0.0,4,0,1,0
JME201700064,NCB FINANCIAL GROUP,0.0,0.0,1.0,0.0,0.0,0.0,2,0,1,0
BMG2759B1072,DIGITAL CHINA HDG.,0.0,0.0,0.0,1.0,0.0,0.0,2,0,1,0
US37940X1028,GLOBAL PAYMENTS,0.0,0.0,1.0,0.0,0.0,0.0,3,0,1,0
CA9035104020,UGE INTERNATIONAL DEAD - DELIST.20/08/24,0.0,0.0,0.0,0.0,0.0,1.0,NA,0,NA,NA
KYG3730V1059,FTAI AVIATION,0.0,0.0,0.0,0.0,0.0,1.0,NA,0,NA,NA
US87157B4005,SYNCHRONOSS TECHNOLOGIES,0.0,0.0,0.0,0.0,0.0,1.0,NA,0,NA,NA
US15912K1007,CHANGE HEALTHCARE DEAD - DELIST.04/10/22,0.0,0.0,0.0,0.0,0.0,1.0,NA,0,NA,NA
US23834J2015,DAVE A,0.0,0.0,0.0,0.0,0.0,1.0,NA,0,NA,NA
CA88338H7040,THERATECHNOLOGIES DEAD - DELIST.29/09/25,0.0,0.0,0.0,0.0,0.0,1.0,NA,0,NA,NA
NL0015001ZQ0,AFFIMED,0.0,0.0,0.0,0.0,0.0,1.0,NA,0,NA,NA
GB0008808825,GRESHAM TECHNOLOGIES DEAD - DELIST.10/07/24,0.0,0.0,0.0,1.0,0.0,0.0,3,0,1,0
US7841171033,SEI INVESTMENTS,0.0,0.0,0.0,0.0,0.0,1.0,NA,0,NA,NA
US00773U2078,ADVERUM BIOTCHS.,0.0,0.0,0.0,0.0,0.0,1.0,NA,0,NA,NA
IL0010832371,CYREN,0.0,0.0,0.0,0.0,0.0,1.0,NA,0,NA,NA
GB00BY7QYJ50,MOLTEN VENTURES,0.0,0.0,0.0,0.0,0.0,1.0,NA,0,NA,NA
GB00BJTRSD38,WITAN INV.TRUST DEAD - DELIST.03/10/24,0.0,0.0,0.0,0.0,0.0,1.0,NA,0,NA,NA
US03969F1093,ARCUS BIOSCIENCES,0.0,0.0,0.0,0.0,0.0,1.0,NA,0,NA,NA
US0773472016,BEL FUSE 'A',0.0,0.0,0.0,0.0,1.0,0.0,3,0,1,0
US3438731057,FLUSHING FINANCIAL,0.0,0.0,1.0,0.0,0.0,0.0,3,0,0,0
JP3595070008,TOSEI CORPORATION,0.0,0.0,1.0,0.0,0.0,0.0,4,0,1,0
DK0060495240,SIMCORP DEAD - DELIST.31/10/23,0.0,0.0,0.0,1.0,0.0,0.0,3,0,1,0
US2236226062,COWEN CLASS A DEAD - DELIST.02/03/23,0.0,0.0,1.0,0.0,0.0,0.0,4,0,1,0
US29428V1044,EPIZYME DEAD - DELIST.15/08/22,0.0,0.0,0.0,0.0,0.0,1.0,NA,0,NA,NA
US74930B1052,RBB BANCORP,0.0,0.0,0.0,0.0,0.0,1.0,NA,0,NA,NA
US79466L3024,SALESFORCE,0.0,0.0,0.0,1.0,0.0,0.0,4,0,1,0
US68287N1000,ONESPAN,0.0,0.0,0.0,1.0,0.0,0.0,4,0,1,0
NO0013251173,ONCOINVENT,0.0,0.0,0.0,0.0,0.0,1.0,NA,0,NA,NA
US88160R1014,TESLA,1.0,0.0,0.0,0.0,0.0,0.0,4,1,0,1
US00181T1079,GOLD,0.9,0.0,0.1,0.0,0.0,0.0,3,0,0,1
US63008G2030,NANO DIMENSION SPONSORED 1 ADR 1:1,0.0,0.0,0.0,0.0,0.0,1.0,NA,0,NA,NA
US05367P1003,AVID TECHNOLOGY DEAD - DELIST.08/11/23,0.0,0.0,0.0,0.0,0.0,1.0,NA,0,NA,NA
US92337U3023,TON STRATEGY,0.0,0.0,0.0,0.0,0.0,1.0,NA,0,NA,NA
US35137L1052,FOX A,0.0,0.0,0.6,0.4,0.0,0.0,3,0,1,0
KYG290181018,DLOCAL A,0.0,0.0,0.0,1.0,0.0,0.0,4,0,1,0
US4626841013,IRIDEX,0.0,0.0,0.0,0.0,0.0,1.0,NA,0,NA,NA
FI0009008270,SSH COMMUNICATIONS SECURITY,0.0,0.0,0.0,0.0,0.0,1.0,NA,0,NA,NA
US78472M1062,SRAX A,0.0,0.0,0.0,1.0,0.0,0.0,3,0,1,0
IE00BKVD2N49,SEAGATE TECHNOLOGY HOLDINGS,0.0,0.0,0.0,0.0,1.0,0.0,4,0,1,0
US36165A1025,GEE GROUP,0.0,0.0,0.0,0.0,0.0,1.0,NA,0,NA,NA
US46625H1005,JP MORGAN CHASE & CO.,0.0,0.0,1.0,0.0,0.0,0.0,4,0,1,0
JP3105220002,SEVEN BANK,0.0,0.0,1.0,0.0,0.0,0.0,3,0,0,0
US58039P3055,MCEWEN MINING,0.0,0.0,0.0,0.0,0.0,1.0,NA,0,NA,NA
JP3548610009,DENA,0.0,0.0,1.0,0.0,0.0,0.0,3,0,1,0
US57060D1081,MARKETAXESS HOLDINGS,0.0,0.0,0.0,0.0,0.0,1.0,NA,0,NA,NA
US23130Q1076,CURIOSITYSTREAM A,0.0,0.0,0.0,0.0,0.0,1.0,NA,0,NA,NA
PHY272571498,GLOBE TELECOM,0.0,0.0,1.0,0.0,0.0,0.0,3,0,1,0
US54951L1098,LUCKIN COFFEE ADR 1:8,0.0,0.0,0.0,0.0,0.0,1.0,NA,0,NA,NA
JP3436100006,SOFTBANK GROUP,0.0,0.0,0.0,0.0,0.0,1.0,NA,0,NA,NA
US44975P1030,NOVABRIDGE BIOSCIENCES ADR 10:23,0.0,0.0,0.0,0.0,0.0,1.0,NA,0,NA,NA
US3742751056,GETTY IMAGES HOLDINGS A,0.0,0.0,0.0,1.0,0.0,0.0,3,0,1,0
PHY7072Q1032,PLDT,0.0,0.0,1.0,0.0,0.0,0.0,3,0,0,0
US74275C3043,PROCESSA PHARMACEUTICALS,0.0,0.0,0.0,0.0,0.0,1.0,NA,0,NA,NA
US5951121038,MICRON TECHNOLOGY,0.0,0.0,0.0,0.0,1.0,0.0,4,0,1,0
US55354G1004,MSCI,0.0,0.0,0.0,1.0,0.0,0.0,2,0,1,0
US64111Q1040,NETGEAR,0.0,0.0,0.0,1.0,0.0,0.0,2,0,1,0
US36472T1097,USA TODAY,0.0,0.0,0.0,1.0,0.0,0.0,3,0,1,0
US2210151005,CORVUS PHARMACEUTICALS,0.0,0.0,0.0,0.0,0.0,1.0,NA,0,NA,NA
NL0012866412,BE SEMICONDUCTOR INDUSTRIES,0.0,0.0,0.0,0.0,0.0,1.0,NA,0,NA,NA
US33829M1018,FIVE BELOW,0.0,0.0,0.0,0.0,0.0,1.0,NA,0,NA,NA
AEDFXA0M6V00,DP WORLD DEAD - DELIST.23/06/20,0.0,0.0,0.0,0.0,0.0,1.0,NA,0,NA,NA
GB00B61D1Y04,EMIS GROUP DEAD - DELIST.31/10/23,0.0,0.0,0.0,0.0,0.0,1.0,NA,0,NA,NA
US68373J1043,OPEN LENDING,0.0,0.0,0.0,0.0,0.0,1.0,NA,0,NA,NA
AU000000FID9,FIDUCIAN GROUP,0.0,0.0,0.0,0.0,0.0,1.0,NA,0,NA,NA
US4270965084,HERCULES CAPITAL,0.0,0.0,0.0,0.0,0.0,1.0,NA,0,NA,NA
RU000A0JS942,MEGAFON,0.0,0.0,0.0,0.0,0.0,1.0,NA,0,NA,NA
US4495851085,IGM BIOSCIENCES DEAD - DELIST.15/08/25,0.0,0.0,0.0,0.0,0.0,1.0,NA,0,NA,NA
US39957D2018,GROVE COLLABORATIVE HOLDINGS A,0.0,0.0,0.0,0.0,0.0,1.0,NA,0,NA,NA
AT0000758305,PALFINGER,0.0,0.0,0.0,0.0,0.0,1.0,NA,0,NA,NA
KR7017670001,SK TELECOM,0.0,0.0,0.8,0.2,0.0,0.0,3,0,1,0
US44891N2080,IAC,0.0,0.0,0.0,0.0,0.0,1.0,NA,0,NA,NA
GB00B3DGH821,DE LA RUE ORD DEAD - DELIST.03/07/25,0.0,0.0,0.0,0.0,0.0,1.0,NA,0,NA,NA
GB00BYX5K988,SIGMAROC,0.0,0.0,0.0,0.0,0.0,1.0,NA,0,NA,NA
FR0006174348,BUREAU VERITAS,0.0,0.0,0.0,1.0,0.0,0.0,2,0,1,0
US68217M1071,OMNIQ,0.0,0.0,0.0,0.0,0.0,1.0,NA,0,NA,NA
DE000TUAG505,TUI N,0.0,0.0,0.0,0.0,0.0,1.0,NA,0,NA,NA
CNE100000RJ0,AGRICULTURAL BANK OF CHINA 'A',0.0,0.0,0.0,0.0,0.0,1.0,NA,0,NA,NA
US12662P1084,CVR ENERGY,0.0,0.0,0.0,0.0,0.0,1.0,NA,0,NA,NA
CH0102484968,JULIUS BAER GRUPPE,0.0,0.0,1.0,0.0,0.0,0.0,2,0,1,0
US6174464486,MORGAN STANLEY,0.0,0.0,1.0,0.0,0.0,0.0,3,0,1,0
BE0003822393,ELIA GROUP,0.0,0.0,0.0,0.0,0.0,1.0,NA,0,NA,NA
US00211V1061,ATA CREATIVITY GLOBAL ADR 1:2,0.0,0.0,0.0,0.0,0.0,1.0,NA,0,NA,NA
MX01BM1B0000,BOLSA MEXICANA DE VALORES,0.0,0.0,0.0,0.0,0.0,1.0,NA,0,NA,NA
US30219Q1067,EXPENSIFY A,0.0,0.0,0.0,0.0,0.0,1.0,NA,0,NA,NA
US28225C8064,EGAIN,0.0,0.0,0.0,0.0,0.0,1.0,NA,0,NA,NA
US00770K2024,AEMETIS,0.0,0.0,0.0,0.0,0.0,1.0,NA,0,NA,NA
INE748C01038,3I INFOTECH,0.0,0.0,0.0,0.1,0.0,0.9,3,0,0,0
CH0256379097,MOLECULAR PARTNERS,0.0,0.0,0.0,0.0,0.0,1.0,NA,0,NA,NA
SE0020181014,MEDIVIR B,0.0,0.0,0.0,0.0,0.0,1.0,NA,0,NA,NA
CNE000001R84,PING AN INSURANCE (GP.) CO. OF CHINA 'A',0.0,0.0,0.0,0.0,0.0,1.0,NA,0,NA,NA
US1693792038,CHINA FINANCE ONLINE ADR 1:50,0.0,0.0,0.0,0.0,0.0,1.0,NA,0,NA,NA
US40619L2016,HALL OF FAME RESORT ENTERTAINMENT,0.0,0.0,1.0,0.0,0.0,0.0,4,1,1,0
AU000000IRE2,IRESS,0.0,0.0,0.0,1.0,0.0,0.0,3,0,0,0
US76029L1008,REPAY HOLDINGS A,0.0,0.0,0.0,0.0,0.0,1.0,NA,0,NA,NA
US9842411095,Y MABS THERAPEUTICS DEAD - DELIST.17/09/25,0.0,0.0,0.0,0.0,0.0,1.0,NA,0,NA,NA
KYG5264Y1089,KINGSOFT,0.0,0.0,0.0,0.0,0.0,1.0,NA,0,NA,NA
US5770811025,MATTEL,0.0,0.0,1.0,0.0,0.0,0.0,3,0,1,0
US30257X1046,FB FINANCIAL,0.0,0.0,0.0,0.0,0.0,1.0,NA,0,NA,NA
US3029411093,FTI CONSULTING,0.0,0.0,0.0,1.0,0.0,0.0,4,0,1,0
INE659A01023,SUDARSHAN CHEMICALS,0.0,0.0,0.0,0.0,0.0,1.0,NA,0,NA,NA
IE0005711209,ICON,0.0,0.0,0.0,0.0,0.0,1.0,NA,0,NA,NA
US8552441094,STARBUCKS,0.0,0.0,0.0,0.0,0.0,1.0,NA,0,NA,NA
US6658591044,NORTHERN TRUST,0.0,0.0,0.9,0.1,0.0,0.0,4,0,0,0
AU000000FLN2,FREELANCER,0.0,0.0,0.0,0.0,0.0,1.0,NA,0,NA,NA
US74735M1080,QIWI ADS B 1:1 DEAD - DELIST.26/07/24,0.0,0.0,0.0,0.2,0.0,0.8,3,0,0,0
IL0011741688,GLOBAL E ONLINE,0.0,0.0,0.1,0.0,0.0,0.9,3,0,0,0
CH0325094297,INVESTIS HOLDING,0.0,0.0,0.0,0.0,0.0,1.0,NA,0,NA,NA
US4511001012,ICAHN ENTERPRISES,0.0,0.0,0.0,0.0,0.0,1.0,NA,0,NA,NA
US92912L2060,VOXELJET ADR 1:1 DEAD - DELIST.07/11/25,0.0,0.0,0.0,0.0,0.0,1.0,NA,0,NA,NA
GB00BYWWHR75,EQUINITI GROUP DEAD - DELIST.13/12/21,0.0,0.0,0.0,0.0,0.0,1.0,NA,0,NA,NA
JP3637300009,TREND MICRO,0.0,0.0,0.0,0.0,0.0,1.0,NA,0,NA,NA
JP3206000006,KAKAKU.COM,0.0,0.0,0.0,1.0,0.0,0.0,3,0,1,0
